{"motor": {"flat": {"MAE": {"avg": 0.32476295950426454, "std": 0.010259986570710257}, "MSE": {"avg": 0.24126531290768208, "std": 0.013412899896360122}, "smoothness": {"avg": 0.16256690806784163, "std": 0.016356125252053766}}, "concat": {"MAE": {"avg": 0.3399951709755536, "std": 0.009621609059778718}, "MSE": {"avg": 0.2569622475782345, "std": 0.012744161949193344}, "smoothness": {"avg": 0.16649529547698197, "std": 0.016359839442320764}}}, "language": {"flat": {"MAE": {"avg": 0.41446324627278214, "std": 0.00906448032193191}, "MSE": {"avg": 0.3334699220913278, "std": 0.013327572112569705}, "smoothness": {"avg": 0.18759620400135127, "std": 0.014426180204644203}}, "concat": {"MAE": {"avg": 0.41249919897418913, "std": 0.009573421042995954}, "MSE": {"avg": 0.3370925669616225, "std": 0.013446058543101144}, "smoothness": {"avg": 0.19393659942904434, "std": 0.01370623679231217}}}, "emotion": {"flat": {"MAE": {"avg": 0.4540881012705551, "std": 0.009441258875050103}, "MSE": {"avg": 0.4541953394467803, "std": 0.01516343441954533}, "smoothness": {"avg": 0.17205306031238074, "std": 0.015452413705996065}}, "concat": {"MAE": {"avg": 0.46149343611865207, "std": 0.008909631401573713}, "MSE": {"avg": 0.4630790678249008, "std": 0.01403859261834634}, "smoothness": {"avg": 0.18486434187012157, "std": 0.014985194657142337}}}, "wm": {"flat": {"MAE": {"avg": 0.519420363375398, "std": 0.009907180635445087}, "MSE": {"avg": 0.4743076071061723, "std": 0.01543405430451238}, "smoothness": {"avg": 0.14828865221940754, "std": 0.013483425736258593}}, "concat": {"MAE": {"avg": 0.5184692002710749, "std": 0.00946971167136519}, "MSE": {"avg": 0.4783261644709957, "std": 0.015130121934118912}, "smoothness": {"avg": 0.15456878218820186, "std": 0.014884658411017973}}}, "relational": {"flat": {"MAE": {"avg": 0.4916633257826606, "std": 0.016113360583444224}, "MSE": {"avg": 0.46343781496142294, "std": 0.02299480243558153}, "smoothness": {"avg": 0.18139476075277225, "std": 0.018645423159762545}}, "concat": {"MAE": {"avg": 0.4828984727571299, "std": 0.015820664115620497}, "MSE": {"avg": 0.4530335774460992, "std": 0.022033465886165518}, "smoothness": {"avg": 0.18053206997913318, "std": 0.018797045086514412}}}}