{"flat": {"MAE": {"avg": 0.3089186316249014, "std": 0.011188764094743266}, "MSE": {"avg": 0.23070715753168897, "std": 0.012773691393130887}, "smoothness": {"avg": 0.09128490871824753, "std": 0.009008622874735603}}, "concat": {"MAE": {"avg": 0.32216984376140023, "std": 0.011081185722057602}, "MSE": {"avg": 0.24638909178561177, "std": 0.013179681342000248}, "smoothness": {"avg": 0.08151777945030694, "std": 0.007139734159646741}}}