{"flat": {"MAE": {"avg": 0.32476295950426454, "std": 0.010259986570710257}, "MSE": {"avg": 0.24126531290768208, "std": 0.013412899896360122}, "smoothness": {"avg": 0.16256690806784163, "std": 0.016356125252053766}}, "concat": {"MAE": {"avg": 0.3399951709755536, "std": 0.009621609059778718}, "MSE": {"avg": 0.2569622475782345, "std": 0.012744161949193344}, "smoothness": {"avg": 0.16649529547698197, "std": 0.016359839442320764}}}