{"flat": {"MAE": {"avg": 0.736296875278155, "std": 0.022474565130521516}, "MSE": {"avg": 0.866333062450091, "std": 0.046692411816863254}, "smoothness": {"avg": 1.370290035009384, "std": 0.03440209823278055}}, "concat": {"MAE": {"avg": 0.7437327643235524, "std": 0.02165210310168959}, "MSE": {"avg": 0.8841694196065267, "std": 0.046944569645760416}, "smoothness": {"avg": 1.3734017570813497, "std": 0.03330088719410269}}}