{"flat": {"MAE": {"avg": 0.3511167803389878, "std": 0.01004779329386406}, "MSE": {"avg": 0.2730491177762969, "std": 0.013799813393414672}, "smoothness": {"avg": 0.07901170767717443, "std": 0.013413842973980905}}, "concat": {"MAE": {"avg": 0.3593333155590262, "std": 0.010300942587886356}, "MSE": {"avg": 0.2862805589023283, "std": 0.014570482612186077}, "smoothness": {"avg": 0.07697924500131338, "std": 0.012838638350451723}}}