{"motor": {"flat": {"MAE": {"avg": 0.3825302833588574, "std": 0.016009500252550338}, "MSE": {"avg": 0.29300274710192925, "std": 0.022611443875207044}, "smoothness": {"avg": 0.5152150568530316, "std": 0.01951230623475013}}, "concat": {"MAE": {"avg": 0.43278023553645517, "std": 0.014394886103525082}, "MSE": {"avg": 0.361487196538392, "std": 0.022893650321040244}, "smoothness": {"avg": 0.4811493593055432, "std": 0.01390593070593252}}}, "language": {"flat": {"MAE": {"avg": 0.4804401450982973, "std": 0.011103228977951947}, "MSE": {"avg": 0.3954321102723063, "std": 0.016835956919840158}, "smoothness": {"avg": 0.6226508211157176, "std": 0.0167121637132239}}, "concat": {"MAE": {"avg": 0.5166292338730902, "std": 0.013734239354473493}, "MSE": {"avg": 0.46238667605309514, "std": 0.025253461077396802}, "smoothness": {"avg": 0.552970347124771, "std": 0.018223691808793224}}}, "emotion": {"flat": {"MAE": {"avg": 0.48581342374422276, "std": 0.0111865148642037}, "MSE": {"avg": 0.3974800435877637, "std": 0.014076296325900732}, "smoothness": {"avg": 0.6264940957996726, "std": 0.026442613314366183}}, "concat": {"MAE": {"avg": 0.47868217964198706, "std": 0.011249749578425701}, "MSE": {"avg": 0.39664346671236156, "std": 0.015316767612517554}, "smoothness": {"avg": 0.6122375822198983, "std": 0.018819545822700512}}}, "wm": {"flat": {"MAE": {"avg": 0.4762309799647198, "std": 0.011886870704622694}, "MSE": {"avg": 0.39762908303537847, "std": 0.01619873118701211}, "smoothness": {"avg": 0.5215029877990318, "std": 0.0181295538942167}}, "concat": {"MAE": {"avg": 0.4948525227314933, "std": 0.011985985081317407}, "MSE": {"avg": 0.43443033615304105, "std": 0.017470815440889412}, "smoothness": {"avg": 0.49579131769734386, "std": 0.015503658835660312}}}, "relational": {"flat": {"MAE": {"avg": 0.5049493316128768, "std": 0.010002173250970043}, "MSE": {"avg": 0.4425891962169942, "std": 0.013828691065389195}, "smoothness": {"avg": 0.6183880099934109, "std": 0.02265621726617648}}, "concat": {"MAE": {"avg": 0.5050593795697333, "std": 0.01027538757946242}, "MSE": {"avg": 0.45086035461715573, "std": 0.016084843425771548}, "smoothness": {"avg": 0.5869286949463313, "std": 0.019509974124639787}}}, "gambling": {"flat": {"MAE": {"avg": 0.49850762652402575, "std": 0.010611830873313069}, "MSE": {"avg": 0.4207215424288403, "std": 0.01779431912675114}, "smoothness": {"avg": 0.6259846904061057, "std": 0.021032084860016502}}, "concat": {"MAE": {"avg": 0.5195218389007178, "std": 0.012911263983478726}, "MSE": {"avg": 0.45943160947750916, "std": 0.025043847666786585}, "smoothness": {"avg": 0.5760081048038873, "std": 0.01529637746969144}}}}