{"motor": {"flat": {"MAE": {"avg": 0.33169596971270027, "std": 0.012403430758556235}, "MSE": {"avg": 0.24752050515083845, "std": 0.014183532660886542}, "smoothness": {"avg": 0.13385213124021844, "std": 0.017554537173201098}}, "concat": {"MAE": {"avg": 0.3515398296026083, "std": 0.010904413065009187}, "MSE": {"avg": 0.2742923991038249, "std": 0.013836888982313975}, "smoothness": {"avg": 0.12904761413223723, "std": 0.016881722603159517}}}, "language": {"flat": {"MAE": {"avg": 0.488875843293174, "std": 0.013643678662455704}, "MSE": {"avg": 0.42968573866609755, "std": 0.01983969024553442}, "smoothness": {"avg": 0.16442826906396024, "std": 0.0235386173857165}}, "concat": {"MAE": {"avg": 0.490745648491982, "std": 0.013652798256678958}, "MSE": {"avg": 0.436979218235229, "std": 0.019923136376186083}, "smoothness": {"avg": 0.16003025443860272, "std": 0.022352980858742114}}}, "emotion": {"flat": {"MAE": {"avg": 0.4476596696416759, "std": 0.01444445423493733}, "MSE": {"avg": 0.4162368870980247, "std": 0.020597129814013095}, "smoothness": {"avg": 0.17945748642503218, "std": 0.025531196705264707}}, "concat": {"MAE": {"avg": 0.4545170385078345, "std": 0.013857346156554129}, "MSE": {"avg": 0.4319366965879941, "std": 0.01950568849163871}, "smoothness": {"avg": 0.17383891298284743, "std": 0.02412454753721672}}}, "wm": {"flat": {"MAE": {"avg": 0.5139507195730318, "std": 0.01128091044137296}, "MSE": {"avg": 0.44639753404705, "std": 0.01648066029714301}, "smoothness": {"avg": 0.10540746101017656, "std": 0.013297567999985353}}, "concat": {"MAE": {"avg": 0.5126668826259416, "std": 0.010826186115861561}, "MSE": {"avg": 0.44995214319092103, "std": 0.01660795957559795}, "smoothness": {"avg": 0.10190217415320463, "std": 0.013053524016427053}}}, "relational": {"flat": {"MAE": {"avg": 0.5125504483779272, "std": 0.009652542824461088}, "MSE": {"avg": 0.48151849773195055, "std": 0.014025348205821984}, "smoothness": {"avg": 0.2302348293364048, "std": 0.020490272142547113}}, "concat": {"MAE": {"avg": 0.5175407025549147, "std": 0.009759025709601087}, "MSE": {"avg": 0.47870199961794746, "std": 0.014946410605728908}, "smoothness": {"avg": 0.20618526223633024, "std": 0.02046463667597478}}}}