{"flat": {"MAE": {"avg": 0.322008045411658, "std": 0.0107464134022126}, "MSE": {"avg": 0.2371715805653868, "std": 0.012565696844975075}, "smoothness": {"avg": 0.10705893538121519, "std": 0.016585274390837287}}, "concat": {"MAE": {"avg": 0.3285207262840764, "std": 0.010525779560604869}, "MSE": {"avg": 0.24368502173958154, "std": 0.012928995174165939}, "smoothness": {"avg": 0.10540938497274771, "std": 0.015686517680931697}}}