{"motor": {"flat": {"MAE": {"avg": 0.36252714743412384, "std": 0.018275779659023585}, "MSE": {"avg": 0.30741331683779793, "std": 0.026021376669659327}, "smoothness": {"avg": 0.3836879966061885, "std": 0.015733367918540624}}, "concat": {"MAE": {"avg": 0.41785622464390254, "std": 0.017099932992153816}, "MSE": {"avg": 0.3741247180233321, "std": 0.025945975121293173}, "smoothness": {"avg": 0.37739412633218167, "std": 0.017233181904018822}}}, "language": {"flat": {"MAE": {"avg": 0.509267303364237, "std": 0.011266413664487149}, "MSE": {"avg": 0.4477159560725676, "std": 0.01681258353989626}, "smoothness": {"avg": 0.48110410304708856, "std": 0.01711868252674875}}, "concat": {"MAE": {"avg": 0.5412823308113567, "std": 0.011517137581269104}, "MSE": {"avg": 0.5094295918275524, "std": 0.018251696984691385}, "smoothness": {"avg": 0.48283755912461096, "std": 0.023506532766978543}}}, "emotion": {"flat": {"MAE": {"avg": 0.5217182687303638, "std": 0.012769730168135861}, "MSE": {"avg": 0.45171074857369314, "std": 0.01677420642891309}, "smoothness": {"avg": 0.490568310680969, "std": 0.030309422454531026}}, "concat": {"MAE": {"avg": 0.525649231935733, "std": 0.012403990715969284}, "MSE": {"avg": 0.4740403755593695, "std": 0.016375615810415522}, "smoothness": {"avg": 0.4691920649280864, "std": 0.02225798449118685}}}, "wm": {"flat": {"MAE": {"avg": 0.49836310178207954, "std": 0.013396903861692878}, "MSE": {"avg": 0.44516928652145343, "std": 0.016471934169721075}, "smoothness": {"avg": 0.453491701926599, "std": 0.015023569935043364}}, "concat": {"MAE": {"avg": 0.5262715766549776, "std": 0.013963348285044728}, "MSE": {"avg": 0.49615619568851405, "std": 0.018248012355275813}, "smoothness": {"avg": 0.485735929711571, "std": 0.029452440278817597}}}, "relational": {"flat": {"MAE": {"avg": 0.5077241492864176, "std": 0.012378935507673067}, "MSE": {"avg": 0.4852657512406618, "std": 0.016826922322617108}, "smoothness": {"avg": 0.5179153866860089, "std": 0.025753331637239592}}, "concat": {"MAE": {"avg": 0.5287645306047155, "std": 0.013591054690557257}, "MSE": {"avg": 0.5164874041278059, "std": 0.018926264041368514}, "smoothness": {"avg": 0.5283719378611, "std": 0.02511719117861288}}}, "gambling": {"flat": {"MAE": {"avg": 0.5316386825659059, "std": 0.011006549942616359}, "MSE": {"avg": 0.45849670012566174, "std": 0.021110302196507738}, "smoothness": {"avg": 0.4845784999091517, "std": 0.019504705318864023}}, "concat": {"MAE": {"avg": 0.5512874901972034, "std": 0.01383263099872899}, "MSE": {"avg": 0.5003047810698097, "std": 0.027757696364332302}, "smoothness": {"avg": 0.47927925312383607, "std": 0.018819328971843564}}}}