{"flat": {"MAE": {"avg": 0.3592833262884011, "std": 0.009948156573107554}, "MSE": {"avg": 0.2837648514216229, "std": 0.012749295107226952}, "smoothness": {"avg": 0.0785040812682634, "std": 0.015570094291315374}}, "concat": {"MAE": {"avg": 0.36511203554053767, "std": 0.009815498583716496}, "MSE": {"avg": 0.29502148261178013, "std": 0.012961366672026168}, "smoothness": {"avg": 0.07731610205087622, "std": 0.015189114653559026}}}