{"flat": {"MAE": {"avg": 0.32861774029402896, "std": 0.00980101100892726}, "MSE": {"avg": 0.24671641938473987, "std": 0.012813747771237645}, "smoothness": {"avg": 0.15599334087950745, "std": 0.014816371832346301}}, "concat": {"MAE": {"avg": 0.33863022589478, "std": 0.009786404458236244}, "MSE": {"avg": 0.2632411740634633, "std": 0.013465603994986391}, "smoothness": {"avg": 0.14654956824392423, "std": 0.015218288367665592}}}