{"BiLSTM_L1Loss()": {"flat": {"MAE": {"avg": 0.28565885421246456, "std": 0.008537053105582318}, "MSE": {"avg": 0.18372973025181874, "std": 0.010094449516711387}, "smoothness": {"avg": 0.442265194772327, "std": 0.010565574269202769}}, "concat": {"MAE": {"avg": 0.30720275354250676, "std": 0.008056141687010524}, "MSE": {"avg": 0.20008098738173308, "std": 0.010234381684108316}, "smoothness": {"avg": 0.45786605884799847, "std": 0.013901352916806897}}}, "ConvLSTM_L1Loss()": {"flat": {"MAE": {"avg": 0.6341422590832252, "std": 0.014564513823290373}, "MSE": {"avg": 0.6780288352467919, "std": 0.022274806350139124}, "smoothness": {"avg": 1.3609937008491344, "std": 0.03331289268220264}}, "concat": {"MAE": {"avg": 0.6367066674313303, "std": 0.014560369917998252}, "MSE": {"avg": 0.6843275163470015, "std": 0.022125721978141267}, "smoothness": {"avg": 1.3640994810115146, "std": 0.03260717365456546}}}, "LSTM_attention_L1Loss()": {"flat": {"MAE": {"avg": 0.6635067238982788, "std": 0.014174688938953878}, "MSE": {"avg": 0.7255511081824868, "std": 0.018851524779629113}, "smoothness": {"avg": 1.5037380935108595, "std": 0.019154404352820568}}, "concat": {"MAE": {"avg": 0.6702640937209803, "std": 0.01407406359583481}, "MSE": {"avg": 0.7360209575143911, "std": 0.018980793385731307}, "smoothness": {"avg": 1.507712273274438, "std": 0.019110844449772693}}}, "PureConv_L1Loss()": {"flat": {"MAE": {"avg": 0.41408004253934333, "std": 0.010015362858443637}, "MSE": {"avg": 0.3031427320619087, "std": 0.013755394040049397}, "smoothness": {"avg": 0.6660783312751748, "std": 0.02851636620690236}}, "concat": {"MAE": {"avg": 0.4202258829343117, "std": 0.009733953886070783}, "MSE": {"avg": 0.3121223598718643, "std": 0.013436031594936221}, "smoothness": {"avg": 0.6684164650696146, "std": 0.028507709605959525}}}, "RNNCNNDeconvolutionRNN_bi_blocky": {"flat": {"MAE": {"avg": 0.3592833262884011, "std": 0.009948156573107554}, "MSE": {"avg": 0.2837648514216229, "std": 0.012749295107226952}, "smoothness": {"avg": 0.0785040812682634, "std": 0.015570094291315374}}, "concat": {"MAE": {"avg": 0.36511203554053767, "std": 0.009815498583716496}, "MSE": {"avg": 0.29502148261178013, "std": 0.012961366672026168}, "smoothness": {"avg": 0.07731610205087622, "std": 0.015189114653559026}}}, "RNNCNNDeconvolutionRNN_bi_L1Loss()": {"flat": {"MAE": {"avg": 0.3036593542260639, "std": 0.009101067348048485}, "MSE": {"avg": 0.19462941877417644, "std": 0.010432202724914753}, "smoothness": {"avg": 0.43610502173334864, "std": 0.020423318393078364}}, "concat": {"MAE": {"avg": 0.3045831128197201, "std": 0.009183590528655671}, "MSE": {"avg": 0.20414054562143014, "std": 0.012018520272857354}, "smoothness": {"avg": 0.42681151704262876, "std": 0.013872924728117115}}}, "LSTM1l_L1Loss()": {"flat": {"MAE": {"avg": 0.6772221720824807, "std": 0.014220502940043608}, "MSE": {"avg": 0.7517962571928056, "std": 0.022294243027155852}, "smoothness": {"avg": 1.4782638697974426, "std": 0.024366023641344256}}, "concat": {"MAE": {"avg": 0.6798853586285801, "std": 0.01430485878874775}, "MSE": {"avg": 0.7594207382134799, "std": 0.02228224365908585}, "smoothness": {"avg": 1.4833163413624306, "std": 0.02403411977824518}}}, "LSTM3l_L1Loss()": {"flat": {"MAE": {"avg": 0.6656999948334559, "std": 0.016006137603718038}, "MSE": {"avg": 0.7323879338590439, "std": 0.02476006386769024}, "smoothness": {"avg": 1.4918171251561008, "std": 0.02885764489345862}}, "concat": {"MAE": {"avg": 0.6687469500943092, "std": 0.01596970537948046}, "MSE": {"avg": 0.7405630195208188, "std": 0.024759846014455796}, "smoothness": {"avg": 1.4901764520817558, "std": 0.02896798897672472}}}, "RNNCNNDeconvolutionRNN_blocky": {"flat": {"MAE": {"avg": 0.3511167803389878, "std": 0.01004779329386406}, "MSE": {"avg": 0.2730491177762969, "std": 0.013799813393414672}, "smoothness": {"avg": 0.07901170767717443, "std": 0.013413842973980905}}, "concat": {"MAE": {"avg": 0.3593333155590262, "std": 0.010300942587886356}, "MSE": {"avg": 0.2862805589023283, "std": 0.014570482612186077}, "smoothness": {"avg": 0.07697924500131338, "std": 0.012838638350451723}}}, "RNNCNNDeconvolutionRNN_L1Loss()": {"flat": {"MAE": {"avg": 0.27705738323051377, "std": 0.00855306493897835}, "MSE": {"avg": 0.1797915860000303, "std": 0.010483715806504871}, "smoothness": {"avg": 0.40966012105766664, "std": 0.008459013690107733}}, "concat": {"MAE": {"avg": 0.2906717332237858, "std": 0.008705531061070625}, "MSE": {"avg": 0.19778492381680482, "std": 0.011764120436169426}, "smoothness": {"avg": 0.4124192991162424, "std": 0.008061078976748341}}}, "RNNCNNDeconvolutionRNN_MSELoss()": {"flat": {"MAE": {"avg": 0.31185185160003814, "std": 0.009036949811882718}, "MSE": {"avg": 0.19360789332517797, "std": 0.010256241770239368}, "smoothness": {"avg": 0.5447085597420817, "std": 0.022573951777362884}}, "concat": {"MAE": {"avg": 0.3368985928216223, "std": 0.009535725776142598}, "MSE": {"avg": 0.2341865823935654, "std": 0.01340425445000218}, "smoothness": {"avg": 0.534184418239836, "std": 0.017519862042945478}}}}