{"motor": {"flat": {"MAE": {"avg": 0.3842988634031217, "std": 0.019446583193177422}, "MSE": {"avg": 0.3323767821236355, "std": 0.024648556141556137}, "smoothness": {"avg": 0.2098998684317265, "std": 0.01762446570592692}}, "concat": {"MAE": {"avg": 0.43610351617966986, "std": 0.017199155748104267}, "MSE": {"avg": 0.37674851078141697, "std": 0.022972482916886337}, "smoothness": {"avg": 0.29173887582534247, "std": 0.019511351225455373}}}, "language": {"flat": {"MAE": {"avg": 0.5303912814390861, "std": 0.011984344592754277}, "MSE": {"avg": 0.497566276519312, "std": 0.017423302209217235}, "smoothness": {"avg": 0.29356299963711346, "std": 0.017555199278590682}}, "concat": {"MAE": {"avg": 0.5565294892774464, "std": 0.010907785325215996}, "MSE": {"avg": 0.5446938400888174, "std": 0.018182767653460555}, "smoothness": {"avg": 0.38619576874425854, "std": 0.017662093121856928}}}, "emotion": {"flat": {"MAE": {"avg": 0.5530416329701742, "std": 0.012317753512461423}, "MSE": {"avg": 0.5431244704458449, "std": 0.015055276267486126}, "smoothness": {"avg": 0.2436248552468088, "std": 0.028469380724805163}}, "concat": {"MAE": {"avg": 0.5362562745809555, "std": 0.010873305210529718}, "MSE": {"avg": 0.5323246349891027, "std": 0.012622299764519118}, "smoothness": {"avg": 0.27973908392919433, "std": 0.022687442479136004}}}, "wm": {"flat": {"MAE": {"avg": 0.5295042018968981, "std": 0.008904075292602988}, "MSE": {"avg": 0.4645520982506511, "std": 0.011338398568587416}, "smoothness": {"avg": 0.35160655421870096, "std": 0.014663557910879326}}, "concat": {"MAE": {"avg": 0.5620483893614548, "std": 0.007976025029229115}, "MSE": {"avg": 0.5195210531845198, "std": 0.010481647589930839}, "smoothness": {"avg": 0.4844774874029579, "std": 0.01622641316176931}}}, "relational": {"flat": {"MAE": {"avg": 0.6199364877409406, "std": 0.015090641338963396}, "MSE": {"avg": 0.6154456896914376, "std": 0.0218405747866812}, "smoothness": {"avg": 0.2044502504169941, "std": 0.025112642422895914}}, "concat": {"MAE": {"avg": 0.5918470584683948, "std": 0.01420618036518999}, "MSE": {"avg": 0.5801876561509238, "std": 0.02003047493563444}, "smoothness": {"avg": 0.2820940571526686, "std": 0.02557068670324073}}}, "gambling": {"flat": {"MAE": {"avg": 0.564095059002953, "std": 0.009591862598136663}, "MSE": {"avg": 0.5289736235963887, "std": 0.0117112820365204}, "smoothness": {"avg": 0.25090626199012517, "std": 0.01860117033895417}}, "concat": {"MAE": {"avg": 0.5781862132850735, "std": 0.008861069468984899}, "MSE": {"avg": 0.5471914598996612, "std": 0.011242039844256634}, "smoothness": {"avg": 0.3610883882676048, "std": 0.02072112058594465}}}}