{"flat": {"MAE": {"avg": 0.4108873099088669, "std": 0.01219038690716436}, "MSE": {"avg": 0.30931459565957387, "std": 0.01666065819545447}, "smoothness": {"avg": 0.6846876541773478, "std": 0.037109289125092836}}, "concat": {"MAE": {"avg": 0.4171206613381704, "std": 0.012991560385863398}, "MSE": {"avg": 0.3168625757098198, "std": 0.017545748170430444}, "smoothness": {"avg": 0.6798268626133601, "std": 0.0351229338079302}}}