{"flat": {"MAE": {"avg": 0.3195139130299119, "std": 0.008647227305571116}, "MSE": {"avg": 0.21479705704012136, "std": 0.010857233151400192}, "smoothness": {"avg": 0.4202755467816331, "std": 0.025282923237518358}}, "concat": {"MAE": {"avg": 0.31970477258336955, "std": 0.00856602720431851}, "MSE": {"avg": 0.220639672301624, "std": 0.011492550955842524}, "smoothness": {"avg": 0.40705640999407605, "std": 0.019717553036852298}}}