{"flat": {"MAE": {"avg": 0.7631630798180898, "std": 0.015080398211835903}, "MSE": {"avg": 0.9282810489336649, "std": 0.030693931717807533}, "smoothness": {"avg": 1.2968898912270863, "std": 0.03213574397691862}}, "concat": {"MAE": {"avg": 0.761748856306076, "std": 0.015802159506320686}, "MSE": {"avg": 0.9332957019408544, "std": 0.03235035172344668}, "smoothness": {"avg": 1.2633593042691549, "std": 0.03027385594595794}}}