{"flat": {"MAE": {"avg": 0.5311201959848404, "std": 0.015435508584361119}, "MSE": {"avg": 0.4551257227857908, "std": 0.021823748035866772}, "smoothness": {"avg": 0.8197100281715393, "std": 0.05508212530025939}}, "concat": {"MAE": {"avg": 0.5336616620421409, "std": 0.016126321127987446}, "MSE": {"avg": 0.4578792259097099, "std": 0.022635524195465564}, "smoothness": {"avg": 0.8141656498114268, "std": 0.054404880245919315}}}