{"flat": {"MAE": {"avg": 0.39636608759562175, "std": 0.012631848425225781}, "MSE": {"avg": 0.29461964617172876, "std": 0.016572281679802556}, "smoothness": {"avg": 0.6845716953277587, "std": 0.03904802852977654}}, "concat": {"MAE": {"avg": 0.40358640551567077, "std": 0.012856760812514282}, "MSE": {"avg": 0.30361486226320267, "std": 0.017266621051970896}, "smoothness": {"avg": 0.6801248679558436, "std": 0.036969214886981884}}}