{"flat": {"MAE": {"avg": 0.6635067238982788, "std": 0.014174688938953878}, "MSE": {"avg": 0.7255511081824868, "std": 0.018851524779629113}, "smoothness": {"avg": 1.5037380935108595, "std": 0.019154404352820568}}, "concat": {"MAE": {"avg": 0.6702640937209803, "std": 0.01407406359583481}, "MSE": {"avg": 0.7360209575143911, "std": 0.018980793385731307}, "smoothness": {"avg": 1.507712273274438, "std": 0.019110844449772693}}}