{"flat": {"MAE": {"avg": 0.637148384253184, "std": 0.012801386138172055}, "MSE": {"avg": 0.6550671259562174, "std": 0.022601090898110552}, "smoothness": {"avg": 1.2408808986345927, "std": 0.04055801593408972}}, "concat": {"MAE": {"avg": 0.6362459441026052, "std": 0.012513247722813392}, "MSE": {"avg": 0.6547636022170384, "std": 0.022480224159815966}, "smoothness": {"avg": 1.2466987828413645, "std": 0.04052858671621918}}}