{"flat": {"MAE": {"avg": 0.6656999948334559, "std": 0.016006137603718038}, "MSE": {"avg": 0.7323879338590439, "std": 0.02476006386769024}, "smoothness": {"avg": 1.4918171251561008, "std": 0.02885764489345862}}, "concat": {"MAE": {"avg": 0.6687469500943092, "std": 0.01596970537948046}, "MSE": {"avg": 0.7405630195208188, "std": 0.024759846014455796}, "smoothness": {"avg": 1.4901764520817558, "std": 0.02896798897672472}}}