{"flat": {"MAE": {"avg": 0.41408004253934333, "std": 0.010015362858443637}, "MSE": {"avg": 0.3031427320619087, "std": 0.013755394040049397}, "smoothness": {"avg": 0.6660783312751748, "std": 0.02851636620690236}}, "concat": {"MAE": {"avg": 0.4202258829343117, "std": 0.009733953886070783}, "MSE": {"avg": 0.3121223598718643, "std": 0.013436031594936221}, "smoothness": {"avg": 0.6684164650696146, "std": 0.028507709605959525}}}