{"flat": {"MAE": {"avg": 0.3148738854800874, "std": 0.01211738036781779}, "MSE": {"avg": 0.24028863679309856, "std": 0.01465937339107218}, "smoothness": {"avg": 0.07323373975152643, "std": 0.005445162261596172}}, "concat": {"MAE": {"avg": 0.33789463574730094, "std": 0.01156128776851706}, "MSE": {"avg": 0.27507456271057457, "std": 0.015782841344245756}, "smoothness": {"avg": 0.06863535216815791, "std": 0.004226820789661911}}}