{"RNNCNNDeconvolutionRNN_bi_blocky": {"flat": {"MAE": {"avg": 0.33169596971270027, "std": 0.012403430758556235}, "MSE": {"avg": 0.24752050515083845, "std": 0.014183532660886542}, "smoothness": {"avg": 0.13385213124021844, "std": 0.017554537173201098}}, "concat": {"MAE": {"avg": 0.3515398296026083, "std": 0.010904413065009187}, "MSE": {"avg": 0.2742923991038249, "std": 0.013836888982313975}, "smoothness": {"avg": 0.12904761413223723, "std": 0.016881722603159517}}}, "RNNCNNDeconvolutionRNN_blocky": {"flat": {"MAE": {"avg": 0.3148738854800874, "std": 0.01211738036781779}, "MSE": {"avg": 0.24028863679309856, "std": 0.01465937339107218}, "smoothness": {"avg": 0.07323373975152643, "std": 0.005445162261596172}}, "concat": {"MAE": {"avg": 0.33789463574730094, "std": 0.01156128776851706}, "MSE": {"avg": 0.27507456271057457, "std": 0.015782841344245756}, "smoothness": {"avg": 0.06863535216815791, "std": 0.004226820789661911}}}}