{"motor": {"flat": {"MAE": {"avg": 0.32861774029402896, "std": 0.00980101100892726}, "MSE": {"avg": 0.24671641938473987, "std": 0.012813747771237645}, "smoothness": {"avg": 0.15599334087950745, "std": 0.014816371832346301}}, "concat": {"MAE": {"avg": 0.33863022589478, "std": 0.009786404458236244}, "MSE": {"avg": 0.2632411740634633, "std": 0.013465603994986391}, "smoothness": {"avg": 0.14654956824392423, "std": 0.015218288367665592}}}, "language": {"flat": {"MAE": {"avg": 0.4124720706104559, "std": 0.00982597343743752}, "MSE": {"avg": 0.33025352900984595, "std": 0.015751507581638197}, "smoothness": {"avg": 0.17030537111611016, "std": 0.01251866131734708}}, "concat": {"MAE": {"avg": 0.4129023365044998, "std": 0.010010415474947222}, "MSE": {"avg": 0.33547224180173063, "std": 0.016280562865407886}, "smoothness": {"avg": 0.164035587324261, "std": 0.012848145797150193}}}, "emotion": {"flat": {"MAE": {"avg": 0.46201691065711536, "std": 0.008298876184201649}, "MSE": {"avg": 0.4598773001939401, "std": 0.01430582391528982}, "smoothness": {"avg": 0.1535443957338388, "std": 0.01497881230436135}}, "concat": {"MAE": {"avg": 0.4677388429984279, "std": 0.00807380650067792}, "MSE": {"avg": 0.46930866988225917, "std": 0.014357154595196668}, "smoothness": {"avg": 0.15129621481073313, "std": 0.011924576288496306}}}, "wm": {"flat": {"MAE": {"avg": 0.5321379372330962, "std": 0.01031686438707964}, "MSE": {"avg": 0.48238484748725685, "std": 0.016622579751140183}, "smoothness": {"avg": 0.12478618690224945, "std": 0.009427317097191388}}, "concat": {"MAE": {"avg": 0.5281056074496827, "std": 0.009669302717927227}, "MSE": {"avg": 0.48081429766826944, "std": 0.016181266609592904}, "smoothness": {"avg": 0.11732053532789313, "std": 0.009390738704338668}}}, "relational": {"flat": {"MAE": {"avg": 0.494735245521252, "std": 0.014693429243718505}, "MSE": {"avg": 0.47002784285571547, "std": 0.022166522062165406}, "smoothness": {"avg": 0.15539429688846673, "std": 0.017986547484475354}}, "concat": {"MAE": {"avg": 0.48342439237531726, "std": 0.015299112069758376}, "MSE": {"avg": 0.4556075156062514, "std": 0.02275496275390318}, "smoothness": {"avg": 0.15666904697542663, "std": 0.01832787053686854}}}}