{"flat": {"MAE": {"avg": 0.33169596971270027, "std": 0.012403430758556235}, "MSE": {"avg": 0.24752050515083845, "std": 0.014183532660886542}, "smoothness": {"avg": 0.13385213124021844, "std": 0.017554537173201098}}, "concat": {"MAE": {"avg": 0.3515398296026083, "std": 0.010904413065009187}, "MSE": {"avg": 0.2742923991038249, "std": 0.013836888982313975}, "smoothness": {"avg": 0.12904761413223723, "std": 0.016881722603159517}}}