{"flat": {"MAE": {"avg": 0.3036593542260639, "std": 0.009101067348048485}, "MSE": {"avg": 0.19462941877417644, "std": 0.010432202724914753}, "smoothness": {"avg": 0.43610502173334864, "std": 0.020423318393078364}}, "concat": {"MAE": {"avg": 0.3045831128197201, "std": 0.009183590528655671}, "MSE": {"avg": 0.20414054562143014, "std": 0.012018520272857354}, "smoothness": {"avg": 0.42681151704262876, "std": 0.013872924728117115}}}