{"flat": {"MAE": {"avg": 0.27705738323051377, "std": 0.00855306493897835}, "MSE": {"avg": 0.1797915860000303, "std": 0.010483715806504871}, "smoothness": {"avg": 0.40966012105766664, "std": 0.008459013690107733}}, "concat": {"MAE": {"avg": 0.2906717332237858, "std": 0.008705531061070625}, "MSE": {"avg": 0.19778492381680482, "std": 0.011764120436169426}, "smoothness": {"avg": 0.4124192991162424, "std": 0.008061078976748341}}}