{"flat": {"MAE": {"avg": 0.3541821523987014, "std": 0.006810591191244647}, "MSE": {"avg": 0.2436504918953468, "std": 0.010708150799167473}, "smoothness": {"avg": 0.5708108575179659, "std": 0.010492197165859097}}, "concat": {"MAE": {"avg": 0.3576717566827248, "std": 0.006697963224517502}, "MSE": {"avg": 0.24741764957534856, "std": 0.010677820357966931}, "smoothness": {"avg": 0.5735565012898939, "std": 0.01040013756442506}}}