{"flat": {"MAE": {"avg": 0.3825302833588574, "std": 0.016009500252550338}, "MSE": {"avg": 0.29300274710192925, "std": 0.022611443875207044}, "smoothness": {"avg": 0.5152150568530316, "std": 0.01951230623475013}}, "concat": {"MAE": {"avg": 0.43278023553645517, "std": 0.014394886103525082}, "MSE": {"avg": 0.361487196538392, "std": 0.022893650321040244}, "smoothness": {"avg": 0.4811493593055432, "std": 0.01390593070593252}}}