{"flat": {"MAE": {"avg": 0.31185185160003814, "std": 0.009036949811882718}, "MSE": {"avg": 0.19360789332517797, "std": 0.010256241770239368}, "smoothness": {"avg": 0.5447085597420817, "std": 0.022573951777362884}}, "concat": {"MAE": {"avg": 0.3368985928216223, "std": 0.009535725776142598}, "MSE": {"avg": 0.2341865823935654, "std": 0.01340425445000218}, "smoothness": {"avg": 0.534184418239836, "std": 0.017519862042945478}}}