{"flat": {"MAE": {"avg": 0.3167703336682813, "std": 0.011951980177835412}, "MSE": {"avg": 0.23771506303857112, "std": 0.014691429722601701}, "smoothness": {"avg": 0.1053695947831047, "std": 0.013073719330340332}}, "concat": {"MAE": {"avg": 0.32840355314400005, "std": 0.012399994431603717}, "MSE": {"avg": 0.2519877828743266, "std": 0.0154135624027329}, "smoothness": {"avg": 0.09118090638484078, "std": 0.009370037218026253}}}