{"motor": {"flat": {"MAE": {"avg": 0.36623327712726406, "std": 0.01946441059833996}, "MSE": {"avg": 0.3216561591766012, "std": 0.024764470184944255}, "smoothness": {"avg": 0.137688856725911, "std": 0.014621259801030271}}, "concat": {"MAE": {"avg": 0.410661624759201, "std": 0.017411927947742118}, "MSE": {"avg": 0.36170921166698766, "std": 0.02454755070184554}, "smoothness": {"avg": 0.13583433768147324, "std": 0.015609351195089867}}}, "language": {"flat": {"MAE": {"avg": 0.5397809301008726, "std": 0.013826703602911602}, "MSE": {"avg": 0.5021590312432976, "std": 0.01993037095355584}, "smoothness": {"avg": 0.24932285593874629, "std": 0.016597183137557578}}, "concat": {"MAE": {"avg": 0.5570370594882432, "std": 0.014064350360887672}, "MSE": {"avg": 0.5437487009184321, "std": 0.022564440563768128}, "smoothness": {"avg": 0.25445328328196565, "std": 0.019907745532344093}}}, "emotion": {"flat": {"MAE": {"avg": 0.5525655581806246, "std": 0.012743179638068676}, "MSE": {"avg": 0.5155243442203459, "std": 0.013738438604331035}, "smoothness": {"avg": 0.23876012985218956, "std": 0.026864522632805688}}, "concat": {"MAE": {"avg": 0.5460398849202783, "std": 0.012691337304953766}, "MSE": {"avg": 0.5227674993362216, "std": 0.014958955769739466}, "smoothness": {"avg": 0.19308762589870895, "std": 0.020382705790375877}}}, "wm": {"flat": {"MAE": {"avg": 0.5179088538585428, "std": 0.013373751531643812}, "MSE": {"avg": 0.48547257241590064, "std": 0.014833604748419894}, "smoothness": {"avg": 0.24461594132404754, "std": 0.016486894574653944}}, "concat": {"MAE": {"avg": 0.5278071646250826, "std": 0.01276152107695308}, "MSE": {"avg": 0.5036688603502412, "std": 0.014432127767256204}, "smoothness": {"avg": 0.263607768206623, "std": 0.02197681420435862}}}, "relational": {"flat": {"MAE": {"avg": 0.5433028488528004, "std": 0.013358199319735331}, "MSE": {"avg": 0.5216447383330013, "std": 0.013168766061740864}, "smoothness": {"avg": 0.238007715476152, "std": 0.020892404413406725}}, "concat": {"MAE": {"avg": 0.5293024389783322, "std": 0.012857486481840591}, "MSE": {"avg": 0.518383907185075, "std": 0.014131242353734336}, "smoothness": {"avg": 0.24508203212068885, "std": 0.01856685376155582}}}, "gambling": {"flat": {"MAE": {"avg": 0.5520135953345082, "std": 0.013273108007535636}, "MSE": {"avg": 0.48440955579280853, "std": 0.021495769856444698}, "smoothness": {"avg": 0.22880639821629634, "std": 0.02501957809513386}}, "concat": {"MAE": {"avg": 0.5604822554371574, "std": 0.015537023811659752}, "MSE": {"avg": 0.522552405399355, "std": 0.025590818139117604}, "smoothness": {"avg": 0.22044853993098845, "std": 0.017783337668264707}}}}