{"flat": {"MAE": {"avg": 0.42063113301992416, "std": 0.014265400307489205}, "MSE": {"avg": 0.3220590357979139, "std": 0.02000971604716412}, "smoothness": {"avg": 0.6376582135756811, "std": 0.034093581338125185}}, "concat": {"MAE": {"avg": 0.4269717757900556, "std": 0.01446446942629974}, "MSE": {"avg": 0.32906748751799264, "std": 0.020794680650249274}, "smoothness": {"avg": 0.6338114072879155, "std": 0.03184664879841907}}}