{"flat": {"MAE": {"avg": 0.7673458000024159, "std": 0.019014528496601017}, "MSE": {"avg": 0.9347754418849945, "std": 0.038731746770416624}, "smoothness": {"avg": 1.4548337578773498, "std": 0.021588733615945568}}, "concat": {"MAE": {"avg": 0.7679490427176158, "std": 0.018757871539198175}, "MSE": {"avg": 0.9355995009342829, "std": 0.03847446056148176}, "smoothness": {"avg": 1.4523723125457764, "std": 0.02152016624811602}}}