{"flat": {"MAE": {"avg": 0.7605775445699692, "std": 0.009729093573538397}, "MSE": {"avg": 0.898442326982816, "std": 0.015466283413359904}, "smoothness": {"avg": 1.4842135389645894, "std": 0.01078899134766936}}, "concat": {"MAE": {"avg": 0.7620404283205668, "std": 0.009558718273011146}, "MSE": {"avg": 0.9057975927988688, "std": 0.015536007283785652}, "smoothness": {"avg": 1.4903629998366037, "std": 0.009534955828203668}}}