{"flat": {"MAE": {"avg": 0.31907848337258415, "std": 0.008285966517240909}, "MSE": {"avg": 0.21418134641202016, "std": 0.011846087123796917}, "smoothness": {"avg": 0.4915919142036602, "std": 0.014735988782923357}}, "concat": {"MAE": {"avg": 0.32969151206057645, "std": 0.008010168686254818}, "MSE": {"avg": 0.22472932857686076, "std": 0.011203078807554804}, "smoothness": {"avg": 0.5129573438530681, "std": 0.016369569795811095}}}