{"flat": {"MAE": {"avg": 0.36252714743412384, "std": 0.018275779659023585}, "MSE": {"avg": 0.30741331683779793, "std": 0.026021376669659327}, "smoothness": {"avg": 0.3836879966061885, "std": 0.015733367918540624}}, "concat": {"MAE": {"avg": 0.41785622464390254, "std": 0.017099932992153816}, "MSE": {"avg": 0.3741247180233321, "std": 0.025945975121293173}, "smoothness": {"avg": 0.37739412633218167, "std": 0.017233181904018822}}}