{"flat": {"MAE": {"avg": 0.3842988634031217, "std": 0.019446583193177422}, "MSE": {"avg": 0.3323767821236355, "std": 0.024648556141556137}, "smoothness": {"avg": 0.2098998684317265, "std": 0.01762446570592692}}, "concat": {"MAE": {"avg": 0.43610351617966986, "std": 0.017199155748104267}, "MSE": {"avg": 0.37674851078141697, "std": 0.022972482916886337}, "smoothness": {"avg": 0.29173887582534247, "std": 0.019511351225455373}}}