{"flat": {"MAE": {"avg": 0.6772221720824807, "std": 0.014220502940043608}, "MSE": {"avg": 0.7517962571928056, "std": 0.022294243027155852}, "smoothness": {"avg": 1.4782638697974426, "std": 0.024366023641344256}}, "concat": {"MAE": {"avg": 0.6798853586285801, "std": 0.01430485878874775}, "MSE": {"avg": 0.7594207382134799, "std": 0.02228224365908585}, "smoothness": {"avg": 1.4833163413624306, "std": 0.02403411977824518}}}