{"flat": {"MAE": {"avg": 0.3430147060546382, "std": 0.01072173781015055}, "MSE": {"avg": 0.2682222085095, "std": 0.014389750889753337}, "smoothness": {"avg": 0.1467775776554113, "std": 0.015450443018783703}}, "concat": {"MAE": {"avg": 0.3501306779939553, "std": 0.010678942421601282}, "MSE": {"avg": 0.28291885786015414, "std": 0.015034695176640264}, "smoothness": {"avg": 0.12447773112819113, "std": 0.011142119136149134}}}