{"BiLSTM_L1Loss()": {"flat": {"MAE": {"avg": 0.4108873099088669, "std": 0.01219038690716436}, "MSE": {"avg": 0.30931459565957387, "std": 0.01666065819545447}, "smoothness": {"avg": 0.6846876541773478, "std": 0.037109289125092836}}, "concat": {"MAE": {"avg": 0.4171206613381704, "std": 0.012991560385863398}, "MSE": {"avg": 0.3168625757098198, "std": 0.017545748170430444}, "smoothness": {"avg": 0.6798268626133601, "std": 0.0351229338079302}}}, "ConvLSTM_L1Loss()": {"flat": {"MAE": {"avg": 0.736296875278155, "std": 0.022474565130521516}, "MSE": {"avg": 0.866333062450091, "std": 0.046692411816863254}, "smoothness": {"avg": 1.370290035009384, "std": 0.03440209823278055}}, "concat": {"MAE": {"avg": 0.7437327643235524, "std": 0.02165210310168959}, "MSE": {"avg": 0.8841694196065267, "std": 0.046944569645760416}, "smoothness": {"avg": 1.3734017570813497, "std": 0.03330088719410269}}}, "LSTM_attention_L1Loss()": {"flat": {"MAE": {"avg": 0.7605775445699692, "std": 0.009729093573538397}, "MSE": {"avg": 0.898442326982816, "std": 0.015466283413359904}, "smoothness": {"avg": 1.4842135389645894, "std": 0.01078899134766936}}, "concat": {"MAE": {"avg": 0.7620404283205668, "std": 0.009558718273011146}, "MSE": {"avg": 0.9057975927988688, "std": 0.015536007283785652}, "smoothness": {"avg": 1.4903629998366037, "std": 0.009534955828203668}}}, "PureConv_L1Loss()": {"flat": {"MAE": {"avg": 0.637148384253184, "std": 0.012801386138172055}, "MSE": {"avg": 0.6550671259562174, "std": 0.022601090898110552}, "smoothness": {"avg": 1.2408808986345927, "std": 0.04055801593408972}}, "concat": {"MAE": {"avg": 0.6362459441026052, "std": 0.012513247722813392}, "MSE": {"avg": 0.6547636022170384, "std": 0.022480224159815966}, "smoothness": {"avg": 1.2466987828413645, "std": 0.04052858671621918}}}, "RNNCNNDeconvolutionRNN_bi_blocky": {"flat": {"MAE": {"avg": 0.5311201959848404, "std": 0.015435508584361119}, "MSE": {"avg": 0.4551257227857908, "std": 0.021823748035866772}, "smoothness": {"avg": 0.8197100281715393, "std": 0.05508212530025939}}, "concat": {"MAE": {"avg": 0.5336616620421409, "std": 0.016126321127987446}, "MSE": {"avg": 0.4578792259097099, "std": 0.022635524195465564}, "smoothness": {"avg": 0.8141656498114268, "std": 0.054404880245919315}}}, "RNNCNNDeconvolutionRNN_bi_L1Loss()": {"flat": {"MAE": {"avg": 0.39636608759562175, "std": 0.012631848425225781}, "MSE": {"avg": 0.29461964617172876, "std": 0.016572281679802556}, "smoothness": {"avg": 0.6845716953277587, "std": 0.03904802852977654}}, "concat": {"MAE": {"avg": 0.40358640551567077, "std": 0.012856760812514282}, "MSE": {"avg": 0.30361486226320267, "std": 0.017266621051970896}, "smoothness": {"avg": 0.6801248679558436, "std": 0.036969214886981884}}}, "LSTM1l_L1Loss()": {"flat": {"MAE": {"avg": 0.7673458000024159, "std": 0.019014528496601017}, "MSE": {"avg": 0.9347754418849945, "std": 0.038731746770416624}, "smoothness": {"avg": 1.4548337578773498, "std": 0.021588733615945568}}, "concat": {"MAE": {"avg": 0.7679490427176158, "std": 0.018757871539198175}, "MSE": {"avg": 0.9355995009342829, "std": 0.03847446056148176}, "smoothness": {"avg": 1.4523723125457764, "std": 0.02152016624811602}}}, "LSTM3l_L1Loss()": {"flat": {"MAE": {"avg": 0.7631630798180898, "std": 0.015080398211835903}, "MSE": {"avg": 0.9282810489336649, "std": 0.030693931717807533}, "smoothness": {"avg": 1.2968898912270863, "std": 0.03213574397691862}}, "concat": {"MAE": {"avg": 0.761748856306076, "std": 0.015802159506320686}, "MSE": {"avg": 0.9332957019408544, "std": 0.03235035172344668}, "smoothness": {"avg": 1.2633593042691549, "std": 0.03027385594595794}}}, "RNNCNNDeconvolutionRNN_blocky": {"flat": {"MAE": {"avg": 0.510247231523196, "std": 0.01684565793594466}, "MSE": {"avg": 0.43188376476367313, "std": 0.02371899634382076}, "smoothness": {"avg": 0.7418489257494608, "std": 0.05070868870754857}}, "concat": {"MAE": {"avg": 0.515102376540502, "std": 0.01739622387321264}, "MSE": {"avg": 0.4367546677589417, "std": 0.024421344902096256}, "smoothness": {"avg": 0.734761843085289, "std": 0.050623627649298404}}}, "RNNCNNDeconvolutionRNN_L1Loss()": {"flat": {"MAE": {"avg": 0.4036214381456375, "std": 0.012947787902949048}, "MSE": {"avg": 0.2976521626114845, "std": 0.01559187878611252}, "smoothness": {"avg": 0.6529455333948135, "std": 0.034928046525564846}}, "concat": {"MAE": {"avg": 0.41337926785151163, "std": 0.013426021053406244}, "MSE": {"avg": 0.30887903422117235, "std": 0.01637973880608188}, "smoothness": {"avg": 0.6498472024997075, "std": 0.03305153870739663}}}, "RNNCNNDeconvolutionRNN_MSELoss()": {"flat": {"MAE": {"avg": 0.42063113301992416, "std": 0.014265400307489205}, "MSE": {"avg": 0.3220590357979139, "std": 0.02000971604716412}, "smoothness": {"avg": 0.6376582135756811, "std": 0.034093581338125185}}, "concat": {"MAE": {"avg": 0.4269717757900556, "std": 0.01446446942629974}, "MSE": {"avg": 0.32906748751799264, "std": 0.020794680650249274}, "smoothness": {"avg": 0.6338114072879155, "std": 0.03184664879841907}}}}