{"flat": {"MAE": {"avg": 0.30545847366253537, "std": 0.010081992581442354}, "MSE": {"avg": 0.20207830141673142, "std": 0.01196288937241619}, "smoothness": {"avg": 0.41246639740193025, "std": 0.020786630800920983}}, "concat": {"MAE": {"avg": 0.30913522180127, "std": 0.010202547519128802}, "MSE": {"avg": 0.21537007926695648, "std": 0.013159964518610685}, "smoothness": {"avg": 0.3847214363772294, "std": 0.012849672303414673}}}