{"flat": {"MAE": {"avg": 0.36623327712726406, "std": 0.01946441059833996}, "MSE": {"avg": 0.3216561591766012, "std": 0.024764470184944255}, "smoothness": {"avg": 0.137688856725911, "std": 0.014621259801030271}}, "concat": {"MAE": {"avg": 0.410661624759201, "std": 0.017411927947742118}, "MSE": {"avg": 0.36170921166698766, "std": 0.02454755070184554}, "smoothness": {"avg": 0.13583433768147324, "std": 0.015609351195089867}}}