{"flat": {"MAE": {"avg": 0.6341422590832252, "std": 0.014564513823290373}, "MSE": {"avg": 0.6780288352467919, "std": 0.022274806350139124}, "smoothness": {"avg": 1.3609937008491344, "std": 0.03331289268220264}}, "concat": {"MAE": {"avg": 0.6367066674313303, "std": 0.014560369917998252}, "MSE": {"avg": 0.6843275163470015, "std": 0.022125721978141267}, "smoothness": {"avg": 1.3640994810115146, "std": 0.03260717365456546}}}