{"flat": {"MAE": {"avg": 0.510247231523196, "std": 0.01684565793594466}, "MSE": {"avg": 0.43188376476367313, "std": 0.02371899634382076}, "smoothness": {"avg": 0.7418489257494608, "std": 0.05070868870754857}}, "concat": {"MAE": {"avg": 0.515102376540502, "std": 0.01739622387321264}, "MSE": {"avg": 0.4367546677589417, "std": 0.024421344902096256}, "smoothness": {"avg": 0.734761843085289, "std": 0.050623627649298404}}}