{"RNNCNNDeconvolutionRNN_L1Loss()": {"flat": {"MAE": {"avg": 0.36252714743412384, "std": 0.018275779659023585}, "MSE": {"avg": 0.30741331683779793, "std": 0.026021376669659327}, "smoothness": {"avg": 0.3836879966061885, "std": 0.015733367918540624}}, "concat": {"MAE": {"avg": 0.41785622464390254, "std": 0.017099932992153816}, "MSE": {"avg": 0.3741247180233321, "std": 0.025945975121293173}, "smoothness": {"avg": 0.37739412633218167, "std": 0.017233181904018822}}}, "RNNCNNDeconvolutionRNN_blocky": {"flat": {"MAE": {"avg": 0.36623327712726406, "std": 0.01946441059833996}, "MSE": {"avg": 0.3216561591766012, "std": 0.024764470184944255}, "smoothness": {"avg": 0.137688856725911, "std": 0.014621259801030271}}, "concat": {"MAE": {"avg": 0.410661624759201, "std": 0.017411927947742118}, "MSE": {"avg": 0.36170921166698766, "std": 0.02454755070184554}, "smoothness": {"avg": 0.13583433768147324, "std": 0.015609351195089867}}}, "RNNCNNDeconvolutionRNN_MSELoss()": {"flat": {"MAE": {"avg": 0.3825302833588574, "std": 0.016009500252550338}, "MSE": {"avg": 0.29300274710192925, "std": 0.022611443875207044}, "smoothness": {"avg": 0.5152150568530316, "std": 0.01951230623475013}}, "concat": {"MAE": {"avg": 0.43278023553645517, "std": 0.014394886103525082}, "MSE": {"avg": 0.361487196538392, "std": 0.022893650321040244}, "smoothness": {"avg": 0.4811493593055432, "std": 0.01390593070593252}}}}