{"flat": {"MAE": {"avg": 0.31407213853351, "std": 0.010844952869687376}, "MSE": {"avg": 0.22857485086410895, "std": 0.01240534180869684}, "smoothness": {"avg": 0.10012038105606348, "std": 0.017541783473319385}}, "concat": {"MAE": {"avg": 0.31946594687713975, "std": 0.010775597325377438}, "MSE": {"avg": 0.23504938420721855, "std": 0.012954570023638387}, "smoothness": {"avg": 0.0972584149875175, "std": 0.016483079132744504}}}