{"motor": {"flat": {"MAE": {"avg": 0.3148738854800874, "std": 0.01211738036781779}, "MSE": {"avg": 0.24028863679309856, "std": 0.01465937339107218}, "smoothness": {"avg": 0.07323373975152643, "std": 0.005445162261596172}}, "concat": {"MAE": {"avg": 0.33789463574730094, "std": 0.01156128776851706}, "MSE": {"avg": 0.27507456271057457, "std": 0.015782841344245756}, "smoothness": {"avg": 0.06863535216815791, "std": 0.004226820789661911}}}, "language": {"flat": {"MAE": {"avg": 0.48611464397201326, "std": 0.013430246170345397}, "MSE": {"avg": 0.4423016992361186, "std": 0.02024818923006072}, "smoothness": {"avg": 0.09149876261889602, "std": 0.010462582391768909}}, "concat": {"MAE": {"avg": 0.4987862982563466, "std": 0.013862554808074287}, "MSE": {"avg": 0.4665880374735294, "std": 0.02241268663309899}, "smoothness": {"avg": 0.07421790912497643, "std": 0.00700386657196472}}}, "emotion": {"flat": {"MAE": {"avg": 0.434737516182095, "std": 0.014736800560111507}, "MSE": {"avg": 0.4033861489935294, "std": 0.022052645242431126}, "smoothness": {"avg": 0.13394962546712194, "std": 0.02048241619338315}}, "concat": {"MAE": {"avg": 0.46371897072765417, "std": 0.015423040811519064}, "MSE": {"avg": 0.4453944052730859, "std": 0.023663780321523956}, "smoothness": {"avg": 0.07625373586096577, "std": 0.009055362623536324}}}, "wm": {"flat": {"MAE": {"avg": 0.5283746217516647, "std": 0.012292197180610033}, "MSE": {"avg": 0.47281501433630096, "std": 0.019436868965737195}, "smoothness": {"avg": 0.06602272327090132, "std": 0.003177046446600879}}, "concat": {"MAE": {"avg": 0.5359571147924183, "std": 0.012634862346277495}, "MSE": {"avg": 0.48969014811104744, "std": 0.020358639747882795}, "smoothness": {"avg": 0.06502467665778494, "std": 0.002771273535273963}}}, "relational": {"flat": {"MAE": {"avg": 0.5018887534737587, "std": 0.010604340810933888}, "MSE": {"avg": 0.4942541437016593, "std": 0.016030596850437288}, "smoothness": {"avg": 0.14206306855711673, "std": 0.012071925980020815}}, "concat": {"MAE": {"avg": 0.5142502132389281, "std": 0.011151521095445052}, "MSE": {"avg": 0.5232416618201468, "std": 0.017215943380045434}, "smoothness": {"avg": 0.08096494115889072, "std": 0.007781499681798833}}}}