{"flat": {"MAE": {"avg": 0.28565885421246456, "std": 0.008537053105582318}, "MSE": {"avg": 0.18372973025181874, "std": 0.010094449516711387}, "smoothness": {"avg": 0.442265194772327, "std": 0.010565574269202769}}, "concat": {"MAE": {"avg": 0.30720275354250676, "std": 0.008056141687010524}, "MSE": {"avg": 0.20008098738173308, "std": 0.010234381684108316}, "smoothness": {"avg": 0.45786605884799847, "std": 0.013901352916806897}}}