{"flat": {"MAE": {"avg": 0.4036214381456375, "std": 0.012947787902949048}, "MSE": {"avg": 0.2976521626114845, "std": 0.01559187878611252}, "smoothness": {"avg": 0.6529455333948135, "std": 0.034928046525564846}}, "concat": {"MAE": {"avg": 0.41337926785151163, "std": 0.013426021053406244}, "MSE": {"avg": 0.30887903422117235, "std": 0.01637973880608188}, "smoothness": {"avg": 0.6498472024997075, "std": 0.03305153870739663}}}