{
  "parameters": {
    "hidden_size": 32,
    "kernel_size": 20,
    "batch_size": 16
  },
  "score": 1.0648414075374604,
  "fold_scores": [
    0.4527082145214081,
    0.6016086339950562,
    1.1853774785995483,
    0.6001710891723633,
    2.484341621398926
  ]
}