{
  "parameters": {
    "hidden_size": 48,
    "kernel_size": 20,
    "batch_size": 16
  },
  "score": 0.9143641114234924,
  "fold_scores": [
    0.8295871019363403,
    0.6143532991409302,
    0.6397267580032349,
    1.8357055187225342,
    0.6524478793144226
  ]
}