{
  "parameters": {
    "hidden_size": 64,
    "kernel_size": 60,
    "batch_size": 32
  },
  "score": 0.9302282214164734,
  "fold_scores": [
    1.024689793586731,
    0.5431746244430542,
    0.5054610967636108,
    1.7513954639434814,
    0.8264201283454895
  ]
}