{
  "parameters": {
    "hidden_size": 32,
    "kernel_size": 20,
    "batch_size": 64
  },
  "score": 0.9840802907943725,
  "fold_scores": [
    0.8703193068504333,
    0.5568419098854065,
    0.5454127192497253,
    2.079124927520752,
    0.8687025904655457
  ]
}