{
  "parameters": {
    "hidden_size": 80,
    "kernel_size": 20,
    "batch_size": 64
  },
  "score": 0.8375257670879364,
  "fold_scores": [
    0.48598402738571167,
    0.6050124168395996,
    0.4490051567554474,
    1.8816421031951904,
    0.7659851312637329
  ]
}