{
  "parameters": {
    "hidden_size": 64,
    "kernel_size": 40,
    "batch_size": 32
  },
  "score": 0.8282408356666565,
  "fold_scores": [
    0.6710572242736816,
    0.4764254093170166,
    0.5285717248916626,
    1.7171387672424316,
    0.74801105260849
  ]
}