{
  "parameters": {
    "hidden_size": 32,
    "kernel_size": 60,
    "batch_size": 16
  },
  "score": 0.4912803411483765,
  "fold_scores": [
    0.46939992904663086,
    0.47318515181541443,
    0.462086945772171,
    0.3076852560043335,
    0.7440444231033325
  ]
}