{
  "parameters": {
    "hidden_size": 32,
    "kernel_size": 20,
    "batch_size": 16
  },
  "score": 0.5183300673961639,
  "fold_scores": [
    0.5704892873764038,
    0.4734395444393158,
    0.5741451382637024,
    0.618597686290741,
    0.35497868061065674
  ]
}