{
  "parameters": {
    "hidden_size": 64,
    "kernel_size": 40,
    "batch_size": 64
  },
  "score": 1.0261239647865295,
  "fold_scores": [
    1.2078667879104614,
    0.524453341960907,
    0.6390053629875183,
    1.9245169162750244,
    0.8347774147987366
  ]
}