{
  "parameters": {
    "hidden_size": 32,
    "kernel_size": 10,
    "batch_size": 16
  },
  "score": 0.9073991537094116,
  "fold_scores": [
    0.4921320676803589,
    0.5702667236328125,
    0.582383930683136,
    2.1567161083221436,
    0.7354969382286072
  ]
}