{
  "parameters": {
    "hidden_size": 48,
    "kernel_size": 80,
    "batch_size": 64
  },
  "score": 0.8500631868839263,
  "fold_scores": [
    0.4817228615283966,
    0.6202170252799988,
    0.5111978650093079,
    1.9190183877944946,
    0.7181597948074341
  ]
}