{
  "parameters": {
    "hidden_size": 64,
    "kernel_size": 10,
    "batch_size": 48
  },
  "score": 0.9442227602005004,
  "fold_scores": [
    0.8649343252182007,
    0.5488492846488953,
    0.5641792416572571,
    1.900602102279663,
    0.8425488471984863
  ]
}