{
  "parameters": {
    "hidden_size": 80,
    "kernel_size": 10,
    "batch_size": 16
  },
  "score": 0.9073092460632324,
  "fold_scores": [
    0.8071067929267883,
    0.5333564877510071,
    0.5059146881103516,
    1.7715247869491577,
    0.9186434745788574
  ]
}