{
  "parameters": {
    "hidden_size": 32,
    "kernel_size": 60,
    "batch_size": 64
  },
  "score": 1.0783838033676147,
  "fold_scores": [
    1.6876211166381836,
    0.5575912594795227,
    0.5739126205444336,
    1.6459354162216187,
    0.9268586039543152
  ]
}