{
  "parameters": {
    "hidden_size": 64,
    "kernel_size": 10,
    "batch_size": 48
  },
  "score": 0.8980241179466247,
  "fold_scores": [
    0.7927707433700562,
    0.5423962473869324,
    0.5516766905784607,
    1.8620858192443848,
    0.7411910891532898
  ]
}