{
  "parameters": {
    "hidden_size": 64,
    "kernel_size": 10,
    "batch_size": 64
  },
  "score": 0.868276572227478,
  "fold_scores": [
    0.5427139401435852,
    0.595208466053009,
    0.5236383676528931,
    1.8175290822982788,
    0.862293004989624
  ]
}