{
  "parameters": {
    "hidden_size": 48,
    "kernel_size": 80,
    "batch_size": 48
  },
  "score": 0.9857900500297546,
  "fold_scores": [
    0.8599210977554321,
    0.6055030226707458,
    0.5829977989196777,
    1.9849910736083984,
    0.895537257194519
  ]
}