{
  "parameters": {
    "hidden_size": 64,
    "kernel_size": 80,
    "batch_size": 16
  },
  "score": 0.851566755771637,
  "fold_scores": [
    0.5240955948829651,
    0.5175098776817322,
    0.533486545085907,
    1.899578332901001,
    0.7831634283065796
  ]
}