{
  "parameters": {
    "hidden_size": 32,
    "kernel_size": 20,
    "batch_size": 32
  },
  "score": 0.9595394313335419,
  "fold_scores": [
    0.5620551705360413,
    0.6181296110153198,
    0.4218381941318512,
    2.169992446899414,
    1.025681734085083
  ]
}