{
  "parameters": {
    "hidden_size": 64,
    "kernel_size": 40,
    "batch_size": 64
  },
  "score": 0.9412044048309326,
  "fold_scores": [
    1.0185846090316772,
    0.5377023220062256,
    0.4849089980125427,
    1.8617005348205566,
    0.8031255602836609
  ]
}