{
  "parameters": {
    "hidden_size": 80,
    "kernel_size": 60,
    "batch_size": 32
  },
  "score": 0.9171500682830811,
  "fold_scores": [
    0.6209375858306885,
    0.5749050378799438,
    0.8042187690734863,
    1.7736239433288574,
    0.8120650053024292
  ]
}