{
  "parameters": {
    "hidden_size": 64,
    "kernel_size": 80,
    "batch_size": 16
  },
  "score": 0.8482767164707183,
  "fold_scores": [
    0.5736052393913269,
    0.546130359172821,
    0.47801175713539124,
    1.744370698928833,
    0.8992655277252197
  ]
}