{
  "parameters": {
    "hidden_size": 64,
    "kernel_size": 60,
    "batch_size": 16
  },
  "score": 0.8835520386695862,
  "fold_scores": [
    0.7335545420646667,
    0.5217216610908508,
    0.5094730257987976,
    2.027204990386963,
    0.6258059740066528
  ]
}