{
  "parameters": {
    "hidden_size": 64,
    "kernel_size": 60,
    "batch_size": 16
  },
  "score": 0.9140226721763611,
  "fold_scores": [
    0.8086782693862915,
    0.5963726043701172,
    0.5345647931098938,
    1.8762075901031494,
    0.7542901039123535
  ]
}