{
  "parameters": {
    "hidden_size": 32,
    "kernel_size": 60,
    "batch_size": 16
  },
  "score": 0.9222017109394074,
  "fold_scores": [
    0.4152928292751312,
    0.6211528182029724,
    0.6118382215499878,
    0.5258336067199707,
    2.4368910789489746
  ]
}