{
  "parameters": {
    "hidden_size": 80,
    "kernel_size": 10,
    "batch_size": 48
  },
  "score": 0.8996710896492004,
  "fold_scores": [
    0.7230044007301331,
    0.5315808653831482,
    0.5504801869392395,
    1.8466222286224365,
    0.8466677665710449
  ]
}