{
  "parameters": {
    "hidden_size": 48,
    "kernel_size": 20,
    "batch_size": 64
  },
  "score": 0.8867715835571289,
  "fold_scores": [
    0.8000608682632446,
    0.5659478306770325,
    0.5321505069732666,
    1.7546215057373047,
    0.7810772061347961
  ]
}