{
  "parameters": {
    "hidden_size": 64,
    "kernel_size": 10,
    "batch_size": 32
  },
  "score": 0.889993405342102,
  "fold_scores": [
    0.7241998314857483,
    0.5263289213180542,
    0.49076366424560547,
    1.994980812072754,
    0.7136937975883484
  ]
}