{
  "parameters": {
    "hidden_size": 80,
    "kernel_size": 60,
    "batch_size": 48
  },
  "score": 0.8506367802619934,
  "fold_scores": [
    0.7572686672210693,
    0.5934056639671326,
    0.5026761293411255,
    1.6274548768997192,
    0.7723785638809204
  ]
}