{
  "parameters": {
    "hidden_size": 64,
    "kernel_size": 60,
    "batch_size": 16
  },
  "score": 0.4928792595863342,
  "fold_scores": [
    0.47288161516189575,
    0.4820798933506012,
    0.48995473980903625,
    0.2848171591758728,
    0.7346628904342651
  ]
}