{
  "parameters": {
    "hidden_size": 64,
    "kernel_size": 20,
    "batch_size": 64
  },
  "score": 1.0046046197414398,
  "fold_scores": [
    0.701583743095398,
    0.6478803157806396,
    0.4627459943294525,
    2.142489194869995,
    1.0683238506317139
  ]
}