{
  "parameters": {
    "hidden_size": 48,
    "kernel_size": 40,
    "batch_size": 16
  },
  "score": 0.9847507953643799,
  "fold_scores": [
    0.7835791707038879,
    0.5147040486335754,
    0.6198784112930298,
    1.9654868841171265,
    1.0401054620742798
  ]
}