{
  "parameters": {
    "hidden_size": 80,
    "kernel_size": 80,
    "batch_size": 16
  },
  "score": 0.8080206573009491,
  "fold_scores": [
    0.5980988144874573,
    0.5241605639457703,
    0.4648367464542389,
    1.8173195123672485,
    0.6356876492500305
  ]
}