{
  "parameters": {
    "hidden_size": 64,
    "kernel_size": 20,
    "batch_size": 32
  },
  "score": 0.8662115395069122,
  "fold_scores": [
    0.6207076907157898,
    0.5726783871650696,
    0.48562613129615784,
    1.9229573011398315,
    0.7290881872177124
  ]
}