{
  "parameters": {
    "hidden_size": 100,
    "kernel_size": 60,
    "batch_size": 16
  },
  "score": 0.45037331581115725,
  "fold_scores": [
    0.43960702419281006,
    0.42753303050994873,
    0.46921348571777344,
    0.26714038848876953,
    0.6483726501464844
  ]
}