{
  "parameters": {
    "hidden_size": 64,
    "kernel_size": 80,
    "batch_size": 64
  },
  "score": 0.8848087549209595,
  "fold_scores": [
    0.5468636155128479,
    0.554045557975769,
    0.4986312985420227,
    2.028137445449829,
    0.7963658571243286
  ]
}