{
  "parameters": {
    "hidden_size": 48,
    "kernel_size": 40,
    "batch_size": 48
  },
  "score": 0.9474896311759948,
  "fold_scores": [
    0.8947014212608337,
    0.5636083483695984,
    0.4195215106010437,
    2.041151285171509,
    0.8184655904769897
  ]
}