{
  "parameters": {
    "hidden_size": 32,
    "kernel_size": 40,
    "batch_size": 64
  },
  "score": 1.0004919052124024,
  "fold_scores": [
    1.0430139303207397,
    0.582744836807251,
    0.5630923509597778,
    1.947082757949829,
    0.8665256500244141
  ]
}