{
  "parameters": {
    "hidden_size": 80,
    "kernel_size": 60,
    "batch_size": 64
  },
  "score": 0.8814963459968567,
  "fold_scores": [
    0.7378351092338562,
    0.6118602752685547,
    0.4790281057357788,
    1.8041976690292358,
    0.7745605707168579
  ]
}