{
  "parameters": {
    "hidden_size": 32,
    "kernel_size": 60,
    "batch_size": 32
  },
  "score": 0.89851815700531,
  "fold_scores": [
    0.6831581592559814,
    0.5537582635879517,
    0.43363720178604126,
    2.014458179473877,
    0.807578980922699
  ]
}