{
  "parameters": {
    "hidden_size": 64,
    "kernel_size": 80,
    "batch_size": 48
  },
  "score": 0.9945685386657714,
  "fold_scores": [
    1.2281575202941895,
    0.5974658131599426,
    0.5322088003158569,
    1.8741251230239868,
    0.7408854365348816
  ]
}