{
  "parameters": {
    "hidden_size": 32,
    "kernel_size": 60,
    "batch_size": 16
  },
  "score": 0.5233969569206238,
  "fold_scores": [
    0.6218833923339844,
    0.6596595048904419,
    0.4776253402233124,
    0.5388955473899841,
    0.3189209997653961
  ]
}