{
  "parameters": {
    "hidden_size": 48,
    "kernel_size": 60,
    "batch_size": 16
  },
  "score": 0.9814457058906555,
  "fold_scores": [
    1.2085891962051392,
    0.6557310223579407,
    0.5561389327049255,
    1.7355170249938965,
    0.7512523531913757
  ]
}