{
  "parameters": {
    "hidden_size": 64,
    "kernel_size": 40,
    "batch_size": 16
  },
  "score": 0.5046864151954651,
  "fold_scores": [
    0.527338445186615,
    0.6827298402786255,
    0.43760231137275696,
    0.5640811324119568,
    0.3116803467273712
  ]
}