{
  "parameters": {
    "hidden_size": 32,
    "kernel_size": 40,
    "batch_size": 16
  },
  "score": 0.9311312913894654,
  "fold_scores": [
    0.481627881526947,
    0.6096685528755188,
    0.7087789177894592,
    0.6007114052772522,
    2.2548696994781494
  ]
}