{
  "parameters": {
    "hidden_size": 32,
    "kernel_size": 60,
    "batch_size": 16
  },
  "score": 0.5108701467514039,
  "fold_scores": [
    0.5596606731414795,
    0.47132283449172974,
    0.5635824799537659,
    0.6350551247596741,
    0.3247296214103699
  ]
}