{
  "parameters": {
    "hidden_size": 64,
    "kernel_size": 10,
    "batch_size": 16
  },
  "score": 0.8190280139446259,
  "fold_scores": [
    0.4894579350948334,
    0.5026893615722656,
    0.5073360204696655,
    1.7845910787582397,
    0.811065673828125
  ]
}