{
  "parameters": {
    "hidden_size": 64,
    "kernel_size": 60,
    "batch_size": 48
  },
  "score": 1.0303141593933105,
  "fold_scores": [
    1.2796825170516968,
    0.5859712362289429,
    0.566789984703064,
    1.8233160972595215,
    0.8958109617233276
  ]
}