{
  "parameters": {
    "hidden_size": 100,
    "kernel_size": 20,
    "batch_size": 16
  },
  "score": 0.48556270599365237,
  "fold_scores": [
    0.4693171977996826,
    0.43047282099723816,
    0.4623490571975708,
    0.29657670855522156,
    0.7690977454185486
  ]
}