{
  "parameters": {
    "hidden_size": 64,
    "kernel_size": 40,
    "batch_size": 16
  },
  "score": 0.9512943267822266,
  "fold_scores": [
    1.0180636644363403,
    0.55246901512146,
    0.48368746042251587,
    1.7656636238098145,
    0.9365878701210022
  ]
}