{
  "parameters": {
    "hidden_size": 48,
    "kernel_size": 10,
    "batch_size": 64
  },
  "score": 0.8962722182273865,
  "fold_scores": [
    0.6701267957687378,
    0.5852275490760803,
    0.6023799777030945,
    1.654211163520813,
    0.9694156050682068
  ]
}