{
  "parameters": {
    "hidden_size": 48,
    "kernel_size": 10,
    "batch_size": 32
  },
  "score": 0.855711019039154,
  "fold_scores": [
    0.5609917044639587,
    0.5393638610839844,
    0.4969174265861511,
    1.9883387088775635,
    0.6929433941841125
  ]
}