{
  "parameters": {
    "hidden_size": 48,
    "kernel_size": 20,
    "batch_size": 32
  },
  "score": 0.9084322452545166,
  "fold_scores": [
    0.8422834277153015,
    0.5572394132614136,
    0.4874063730239868,
    1.828994870185852,
    0.826237142086029
  ]
}