{
  "parameters": {
    "hidden_size": 64,
    "kernel_size": 40,
    "batch_size": 48
  },
  "score": 0.9731277585029602,
  "fold_scores": [
    1.0813472270965576,
    0.52118319272995,
    0.5347395539283752,
    1.9683523178100586,
    0.7600165009498596
  ]
}