{
  "parameters": {
    "hidden_size": 80,
    "kernel_size": 20,
    "batch_size": 16
  },
  "score": 0.9068088054656982,
  "fold_scores": [
    0.852944016456604,
    0.5053840279579163,
    0.4932704567909241,
    1.7763605117797852,
    0.9060850143432617
  ]
}