{
  "parameters": {
    "hidden_size": 64,
    "kernel_size": 40,
    "batch_size": 32
  },
  "score": 0.8523237824440002,
  "fold_scores": [
    0.6980883479118347,
    0.5599501132965088,
    0.5116024613380432,
    1.7816541194915771,
    0.7103238701820374
  ]
}