{
  "parameters": {
    "hidden_size": 64,
    "kernel_size": 60,
    "batch_size": 16
  },
  "score": 0.5494038879871368,
  "fold_scores": [
    0.6346608996391296,
    0.6455346345901489,
    0.5380545854568481,
    0.5901978015899658,
    0.3385715186595917
  ]
}