{
  "parameters": {
    "hidden_size": 64,
    "kernel_size": 80,
    "batch_size": 32
  },
  "score": 0.918293011188507,
  "fold_scores": [
    0.7084202766418457,
    0.5822767615318298,
    0.5294017791748047,
    1.9987646341323853,
    0.7726016044616699
  ]
}