{
  "parameters": {
    "hidden_size": 64,
    "kernel_size": 10,
    "batch_size": 32
  },
  "score": 0.8359998285770416,
  "fold_scores": [
    0.781233549118042,
    0.48558077216148376,
    0.47170335054397583,
    1.815140724182129,
    0.6263407468795776
  ]
}