{
  "parameters": {
    "hidden_size": 64,
    "kernel_size": 20,
    "batch_size": 64
  },
  "score": 0.9691521286964416,
  "fold_scores": [
    0.9859165549278259,
    0.5770528316497803,
    0.5875449180603027,
    1.9063136577606201,
    0.7889326810836792
  ]
}