{
  "parameters": {
    "hidden_size": 48,
    "kernel_size": 60,
    "batch_size": 64
  },
  "score": 0.9011028647422791,
  "fold_scores": [
    0.5589774250984192,
    0.6143457889556885,
    0.5244000554084778,
    1.9651381969451904,
    0.8426528573036194
  ]
}