{
  "parameters": {
    "hidden_size": 32,
    "kernel_size": 80,
    "batch_size": 64
  },
  "score": 1.1079730272293091,
  "fold_scores": [
    1.1999496221542358,
    0.6516491174697876,
    0.6683931350708008,
    1.9117414951324463,
    1.108131766319275
  ]
}