{
  "parameters": {
    "hidden_size": 64,
    "kernel_size": 20,
    "batch_size": 16
  },
  "score": 0.5108683943748474,
  "fold_scores": [
    0.4545407295227051,
    0.491677850484848,
    0.48116907477378845,
    0.3412349224090576,
    0.7857193946838379
  ]
}