{
  "parameters": {
    "hidden_size": 80,
    "kernel_size": 40,
    "batch_size": 32
  },
  "score": 0.909158718585968,
  "fold_scores": [
    0.7181984782218933,
    0.5333168506622314,
    0.4701257348060608,
    2.113633632659912,
    0.7105188965797424
  ]
}