{
  "parameters": {
    "hidden_size": 32,
    "kernel_size": 40,
    "batch_size": 16
  },
  "score": 0.5012729644775391,
  "fold_scores": [
    0.5112949013710022,
    0.4641704559326172,
    0.5744985342025757,
    0.6211298108100891,
    0.33527112007141113
  ]
}