{
  "parameters": {
    "hidden_size": 80,
    "kernel_size": 40,
    "batch_size": 16
  },
  "score": 0.9190690338611602,
  "fold_scores": [
    0.8349308967590332,
    0.47476106882095337,
    0.47112980484962463,
    2.0642571449279785,
    0.7502662539482117
  ]
}