{
  "parameters": {
    "hidden_size": 32,
    "kernel_size": 80,
    "batch_size": 48
  },
  "score": 0.96971595287323,
  "fold_scores": [
    0.9786393642425537,
    0.699920654296875,
    0.5851520299911499,
    1.763676404953003,
    0.8211913108825684
  ]
}