{
  "parameters": {
    "hidden_size": 32,
    "kernel_size": 10,
    "batch_size": 48
  },
  "score": 1.0130636930465697,
  "fold_scores": [
    0.9534552097320557,
    0.5998199582099915,
    0.5421664118766785,
    1.9198496341705322,
    1.0500272512435913
  ]
}