{
  "parameters": {
    "hidden_size": 32,
    "kernel_size": 20,
    "batch_size": 16
  },
  "score": 0.502195554971695,
  "fold_scores": [
    0.4560800790786743,
    0.518146276473999,
    0.4540809392929077,
    0.3165076673030853,
    0.7661628127098083
  ]
}