{
  "parameters": {
    "hidden_size": 64,
    "kernel_size": 20,
    "batch_size": 16
  },
  "score": 0.8251984238624572,
  "fold_scores": [
    0.544806957244873,
    0.5151783227920532,
    0.4679463505744934,
    1.8781079053878784,
    0.7199525833129883
  ]
}