{
  "parameters": {
    "hidden_size": 32,
    "kernel_size": 60,
    "batch_size": 16
  },
  "score": 0.9317055583000183,
  "fold_scores": [
    0.8542868494987488,
    0.5466328859329224,
    0.5458580851554871,
    1.8551230430603027,
    0.8566269278526306
  ]
}