{
  "parameters": {
    "hidden_size": 48,
    "kernel_size": 40,
    "batch_size": 64
  },
  "score": 0.8788719534873962,
  "fold_scores": [
    0.5351603031158447,
    0.5335947871208191,
    0.5492101907730103,
    1.9501701593399048,
    0.8262243270874023
  ]
}