{
  "parameters": {
    "hidden_size": 64,
    "kernel_size": 80,
    "batch_size": 48
  },
  "score": 1.0839279890060425,
  "fold_scores": [
    1.2360820770263672,
    0.6208296418190002,
    0.5351422429084778,
    1.9967596530914307,
    1.0308263301849365
  ]
}