{
  "parameters": {
    "hidden_size": 32,
    "kernel_size": 20,
    "batch_size": 16
  },
  "score": 0.5315112590789794,
  "fold_scores": [
    0.643582820892334,
    0.6399532556533813,
    0.5030399560928345,
    0.5458845496177673,
    0.3250957131385803
  ]
}