{
  "parameters": {
    "hidden_size": 64,
    "kernel_size": 20,
    "batch_size": 32
  },
  "score": 1.0018831372261048,
  "fold_scores": [
    1.0344583988189697,
    0.6132287979125977,
    0.6493114829063416,
    1.9353225231170654,
    0.7770944833755493
  ]
}