{
  "parameters": {
    "hidden_size": 64,
    "kernel_size": 60,
    "batch_size": 48
  },
  "score": 0.8877719879150391,
  "fold_scores": [
    0.5635400414466858,
    0.561398446559906,
    0.5536420345306396,
    1.9071465730667114,
    0.8531328439712524
  ]
}