{
  "parameters": {
    "hidden_size": 32,
    "kernel_size": 80,
    "batch_size": 16
  },
  "score": 0.932642787694931,
  "fold_scores": [
    1.161919116973877,
    0.546522319316864,
    0.48673030734062195,
    1.8122179508209229,
    0.6558242440223694
  ]
}