{
  "parameters": {
    "hidden_size": 64,
    "kernel_size": 60,
    "batch_size": 64
  },
  "score": 1.0167515635490418,
  "fold_scores": [
    1.1303387880325317,
    0.5732148289680481,
    0.4672088623046875,
    1.7641054391860962,
    1.1488898992538452
  ]
}