{
  "parameters": {
    "hidden_size": 80,
    "kernel_size": 20,
    "batch_size": 32
  },
  "score": 0.8671387016773224,
  "fold_scores": [
    0.5463854670524597,
    0.503692090511322,
    0.45840582251548767,
    2.063814163208008,
    0.7633959650993347
  ]
}