{
  "parameters": {
    "hidden_size": 32,
    "kernel_size": 80,
    "batch_size": 32
  },
  "score": 0.935466879606247,
  "fold_scores": [
    1.1595375537872314,
    0.5894213914871216,
    0.444051057100296,
    1.6748977899551392,
    0.8094266057014465
  ]
}