{
  "parameters": {
    "hidden_size": 48,
    "kernel_size": 20,
    "batch_size": 48
  },
  "score": 0.9515992164611816,
  "fold_scores": [
    0.7328351736068726,
    0.556903600692749,
    0.5282912850379944,
    2.1287333965301514,
    0.8112326264381409
  ]
}