{
  "parameters": {
    "hidden_size": 64,
    "kernel_size": 80,
    "batch_size": 32
  },
  "score": 0.9613384246826172,
  "fold_scores": [
    1.1435881853103638,
    0.5651397109031677,
    0.6945738196372986,
    1.574550747871399,
    0.8288396596908569
  ]
}