{
  "parameters": {
    "hidden_size": 32,
    "kernel_size": 40,
    "batch_size": 16
  },
  "score": 0.49479312300682066,
  "fold_scores": [
    0.46009358763694763,
    0.511955201625824,
    0.4599236249923706,
    0.29922157526016235,
    0.7427716255187988
  ]
}