{
  "parameters": {
    "hidden_size": 32,
    "kernel_size": 40,
    "batch_size": 16
  },
  "score": 0.5517740726470948,
  "fold_scores": [
    0.6127967238426208,
    0.6631330847740173,
    0.49528881907463074,
    0.5758565068244934,
    0.4117952287197113
  ]
}