{
  "parameters": {
    "hidden_size": 100,
    "kernel_size": 20,
    "batch_size": 16
  },
  "score": 0.5318989336490632,
  "fold_scores": [
    0.6766337752342224,
    0.6376774907112122,
    0.5420348644256592,
    0.532347559928894,
    0.27080097794532776
  ]
}