{
  "parameters": {
    "hidden_size": 64,
    "kernel_size": 20,
    "batch_size": 16
  },
  "score": 0.8557529330253602,
  "fold_scores": [
    0.5796634554862976,
    0.5149301886558533,
    0.4655419588088989,
    1.9894585609436035,
    0.7291705012321472
  ]
}