{
  "parameters": {
    "hidden_size": 32,
    "kernel_size": 40,
    "batch_size": 32
  },
  "score": 1.0278649568557738,
  "fold_scores": [
    1.0565550327301025,
    0.5571869611740112,
    0.5336825847625732,
    2.014113426208496,
    0.9777867794036865
  ]
}