{
  "parameters": {
    "hidden_size": 64,
    "kernel_size": 20,
    "batch_size": 16
  },
  "score": 0.5231919288635254,
  "fold_scores": [
    0.6260528564453125,
    0.6632146835327148,
    0.4704635739326477,
    0.5440245270729065,
    0.3122040033340454
  ]
}