{
  "parameters": {
    "hidden_size": 32,
    "kernel_size": 20,
    "batch_size": 16
  },
  "score": 0.8936172723770142,
  "fold_scores": [
    0.6769798994064331,
    0.6426965594291687,
    0.5433669686317444,
    1.8486909866333008,
    0.7563519477844238
  ]
}