{
  "parameters": {
    "hidden_size": 48,
    "kernel_size": 40,
    "batch_size": 32
  },
  "score": 0.9910961508750915,
  "fold_scores": [
    1.0222197771072388,
    0.6155046224594116,
    0.4397509694099426,
    2.0244011878967285,
    0.8536041975021362
  ]
}