{
  "parameters": {
    "hidden_size": 48,
    "kernel_size": 10,
    "batch_size": 48
  },
  "score": 0.9965980768203735,
  "fold_scores": [
    1.2173248529434204,
    0.5615875124931335,
    0.6258239150047302,
    1.7497241497039795,
    0.828529953956604
  ]
}