{
  "parameters": {
    "hidden_size": 100,
    "kernel_size": 60,
    "batch_size": 16
  },
  "score": 0.4597045421600342,
  "fold_scores": [
    0.49630844593048096,
    0.5217359662055969,
    0.4553360342979431,
    0.5119425058364868,
    0.3131997585296631
  ]
}