{
  "parameters": {
    "hidden_size": 64,
    "kernel_size": 10,
    "batch_size": 64
  },
  "score": 0.9619205832481384,
  "fold_scores": [
    0.8410948514938354,
    0.5802825093269348,
    0.6281642317771912,
    1.97928786277771,
    0.7807734608650208
  ]
}