{
  "parameters": {
    "hidden_size": 100,
    "kernel_size": 40,
    "batch_size": 16
  },
  "score": 0.4778149604797363,
  "fold_scores": [
    0.5674371123313904,
    0.6402495503425598,
    0.4434226155281067,
    0.46757838129997253,
    0.2703871428966522
  ]
}