{
  "parameters": {
    "hidden_size": 80,
    "kernel_size": 80,
    "batch_size": 32
  },
  "score": 1.092512559890747,
  "fold_scores": [
    1.6382005214691162,
    0.5556511282920837,
    0.5638538002967834,
    1.9687483310699463,
    0.7361090183258057
  ]
}