{
  "parameters": {
    "hidden_size": 80,
    "kernel_size": 20,
    "batch_size": 48
  },
  "score": 0.8947496175765991,
  "fold_scores": [
    0.5453078150749207,
    0.5153053402900696,
    0.539685070514679,
    1.9930875301361084,
    0.880362331867218
  ]
}