{
  "parameters": {
    "hidden_size": 64,
    "kernel_size": 60,
    "batch_size": 64
  },
  "score": 0.9207107663154602,
  "fold_scores": [
    0.8455604314804077,
    0.5461747646331787,
    0.4520045518875122,
    1.8401639461517334,
    0.919650137424469
  ]
}