{
  "parameters": {
    "hidden_size": 80,
    "kernel_size": 80,
    "batch_size": 48
  },
  "score": 0.9660531520843506,
  "fold_scores": [
    0.9849971532821655,
    0.5518592596054077,
    0.6095565557479858,
    2.0019590854644775,
    0.6818937063217163
  ]
}