{
  "parameters": {
    "hidden_size": 64,
    "kernel_size": 80,
    "batch_size": 64
  },
  "score": 1.1711824059486389,
  "fold_scores": [
    2.02813982963562,
    0.570279598236084,
    0.5352195501327515,
    1.9774575233459473,
    0.7448155283927917
  ]
}