{
  "parameters": {
    "hidden_size": 48,
    "kernel_size": 80,
    "batch_size": 16
  },
  "score": 0.9412991046905518,
  "fold_scores": [
    0.8073674440383911,
    0.5798658728599548,
    0.6064590811729431,
    1.864466667175293,
    0.8483364582061768
  ]
}