{
  "parameters": {
    "hidden_size": 100,
    "kernel_size": 40,
    "batch_size": 16
  },
  "score": 0.5181309700012207,
  "fold_scores": [
    0.5591655373573303,
    0.4656412601470947,
    0.4717475473880768,
    0.35237303376197815,
    0.7417274713516235
  ]
}