{
  "parameters": {
    "hidden_size": 48,
    "kernel_size": 60,
    "batch_size": 48
  },
  "score": 0.983629834651947,
  "fold_scores": [
    1.0025839805603027,
    0.5366686582565308,
    0.4842653274536133,
    1.9444350004196167,
    0.9501962065696716
  ]
}