{
  "parameters": {
    "hidden_size": 32,
    "kernel_size": 40,
    "batch_size": 48
  },
  "score": 0.9061691284179687,
  "fold_scores": [
    0.7298615574836731,
    0.5608264207839966,
    0.5710505247116089,
    1.8501181602478027,
    0.8189889788627625
  ]
}