{
  "parameters": {
    "hidden_size": 32,
    "kernel_size": 20,
    "batch_size": 48
  },
  "score": 0.9927463054656982,
  "fold_scores": [
    0.8333408832550049,
    0.6712530255317688,
    0.6296964883804321,
    1.9043121337890625,
    0.9251289963722229
  ]
}