{
  "parameters": {
    "hidden_size": 32,
    "kernel_size": 40,
    "batch_size": 16
  },
  "score": 0.9028455138206481,
  "fold_scores": [
    0.6748484969139099,
    0.7128193378448486,
    0.4703487753868103,
    1.8096849918365479,
    0.8465259671211243
  ]
}