{
  "parameters": {
    "hidden_size": 80,
    "kernel_size": 40,
    "batch_size": 48
  },
  "score": 0.8889633774757385,
  "fold_scores": [
    0.7400692701339722,
    0.5945472121238708,
    0.5159449577331543,
    1.9241127967834473,
    0.670142650604248
  ]
}