{
  "parameters": {
    "hidden_size": 64,
    "kernel_size": 60,
    "batch_size": 32
  },
  "score": 0.8881209313869476,
  "fold_scores": [
    0.7046691179275513,
    0.538065493106842,
    0.44233790040016174,
    1.8606362342834473,
    0.8948959112167358
  ]
}