{
  "parameters": {
    "hidden_size": 64,
    "kernel_size": 10,
    "batch_size": 16
  },
  "score": 0.8429725885391235,
  "fold_scores": [
    0.7475143074989319,
    0.5435028076171875,
    0.5048097968101501,
    1.7692105770111084,
    0.6498254537582397
  ]
}