{
  "parameters": {
    "hidden_size": 32,
    "kernel_size": 10,
    "batch_size": 64
  },
  "score": 1.0005649328231812,
  "fold_scores": [
    1.0633842945098877,
    0.6370599865913391,
    0.46639716625213623,
    1.91558039188385,
    0.9204028248786926
  ]
}