{
  "parameters": {
    "hidden_size": 48,
    "kernel_size": 10,
    "batch_size": 16
  },
  "score": 0.8750465691089631,
  "fold_scores": [
    0.6395063400268555,
    0.5603601932525635,
    0.4924107491970062,
    1.83672034740448,
    0.8462352156639099
  ]
}