{
  "parameters": {
    "hidden_size": 80,
    "kernel_size": 40,
    "batch_size": 64
  },
  "score": 0.9306597411632538,
  "fold_scores": [
    0.9042755365371704,
    0.5696053504943848,
    0.4571473300457001,
    1.9490164518356323,
    0.7732540369033813
  ]
}