{
  "parameters": {
    "hidden_size": 80,
    "kernel_size": 60,
    "batch_size": 16
  },
  "score": 0.9070162832736969,
  "fold_scores": [
    0.7184850573539734,
    0.527470052242279,
    0.4531267583370209,
    2.1204042434692383,
    0.7155953049659729
  ]
}