{
  "parameters": {
    "hidden_size": 64,
    "kernel_size": 20,
    "batch_size": 48
  },
  "score": 0.9073737740516663,
  "fold_scores": [
    0.7899793982505798,
    0.5343984961509705,
    0.5077692270278931,
    1.9264726638793945,
    0.7782490849494934
  ]
}