{
  "parameters": {
    "hidden_size": 48,
    "kernel_size": 60,
    "batch_size": 32
  },
  "score": 0.9238435387611389,
  "fold_scores": [
    1.060135006904602,
    0.5358251333236694,
    0.5791096687316895,
    1.7514662742614746,
    0.692681610584259
  ]
}