{
  "parameters": {
    "hidden_size": 48,
    "kernel_size": 80,
    "batch_size": 32
  },
  "score": 1.024455714225769,
  "fold_scores": [
    1.6470685005187988,
    0.5503207445144653,
    0.4516143202781677,
    1.756848692893982,
    0.7164263129234314
  ]
}