{
  "parameters": {
    "hidden_size": 80,
    "kernel_size": 10,
    "batch_size": 64
  },
  "score": 0.976010262966156,
  "fold_scores": [
    1.0304540395736694,
    0.5129085183143616,
    0.5475473403930664,
    2.0328891277313232,
    0.7562522888183594
  ]
}