{
  "parameters": {
    "hidden_size": 80,
    "kernel_size": 80,
    "batch_size": 64
  },
  "score": 1.0217029452323914,
  "fold_scores": [
    1.1566842794418335,
    0.5836779475212097,
    0.6045265793800354,
    2.0227153301239014,
    0.7409105896949768
  ]
}