{
  "parameters": {
    "hidden_size": 64,
    "kernel_size": 20,
    "batch_size": 48
  },
  "score": 0.8518225193023682,
  "fold_scores": [
    0.5739104747772217,
    0.5389240384101868,
    0.5381311178207397,
    1.8882161378860474,
    0.7199308276176453
  ]
}