{
  "parameters": {
    "hidden_size": 64,
    "kernel_size": 40,
    "batch_size": 48
  },
  "score": 0.984903085231781,
  "fold_scores": [
    1.2136192321777344,
    0.6169394254684448,
    0.4978274703025818,
    1.798661231994629,
    0.7974680662155151
  ]
}