{
  "parameters": {
    "hidden_size": 32,
    "kernel_size": 60,
    "batch_size": 48
  },
  "score": 0.9233534097671509,
  "fold_scores": [
    0.5893038511276245,
    0.6485041975975037,
    0.5506823658943176,
    1.8127496242523193,
    1.0155270099639893
  ]
}