{
  "parameters": {
    "hidden_size": 80,
    "kernel_size": 10,
    "batch_size": 32
  },
  "score": 0.8226882934570312,
  "fold_scores": [
    0.572376012802124,
    0.5391573905944824,
    0.48929738998413086,
    1.8107550144195557,
    0.7018556594848633
  ]
}