{
  "parameters": {
    "hidden_size": 32,
    "kernel_size": 10,
    "batch_size": 32
  },
  "score": 1.0252858996391296,
  "fold_scores": [
    0.8207439184188843,
    0.6589112877845764,
    0.42311954498291016,
    2.2191035747528076,
    1.0045511722564697
  ]
}