{
  "parameters": {
    "hidden_size": 64,
    "kernel_size": 40,
    "batch_size": 16
  },
  "score": 0.48531745076179506,
  "fold_scores": [
    0.45399272441864014,
    0.4693976044654846,
    0.4831523001194,
    0.3155869245529175,
    0.704457700252533
  ]
}