{
  "parameters": {
    "hidden_size": 64,
    "kernel_size": 40,
    "batch_size": 16
  },
  "score": 0.8185048639774323,
  "fold_scores": [
    0.5650795102119446,
    0.5544443130493164,
    0.43797585368156433,
    1.7882020473480225,
    0.7468225955963135
  ]
}